n,k,seed,train_size,model,test_acc,n_test
64,1,0,1000,LR,0.97075,20000
64,1,0,1000,MLP,0.95395,20000
64,1,0,2000,LR,0.9872,20000
64,1,0,2000,MLP,0.9551,20000
64,1,0,5000,LR,0.99335,20000
64,1,0,5000,MLP,0.9626,20000
64,1,0,10000,LR,0.9965,20000
64,1,0,10000,MLP,0.9827,20000
64,1,0,20000,LR,0.99775,20000
64,1,0,20000,MLP,0.98585,20000
64,1,0,50000,LR,0.99845,20000
64,1,0,50000,MLP,0.9899,20000
64,1,0,100000,LR,0.9993,20000
64,1,0,200000,LR,0.99945,20000
64,1,1,1000,LR,0.97175,20000
64,1,1,1000,MLP,0.9384,20000
64,1,1,2000,LR,0.9838,20000
64,1,1,2000,MLP,0.9646,20000
64,1,1,5000,LR,0.9943,20000
64,1,1,5000,MLP,0.9762,20000
64,1,1,10000,LR,0.99635,20000
64,1,1,10000,MLP,0.9788,20000
64,1,1,20000,LR,0.99745,20000
64,1,1,20000,MLP,0.98725,20000
64,1,1,50000,LR,0.9984,20000
64,1,1,50000,MLP,0.99165,20000
64,1,1,100000,LR,0.99905,20000
64,1,1,200000,LR,0.99915,20000
64,1,2,1000,LR,0.9734,20000
64,1,2,1000,MLP,0.9381,20000
64,1,2,2000,LR,0.98475,20000
64,1,2,2000,MLP,0.95675,20000
64,1,2,5000,LR,0.9897,20000
64,1,2,5000,MLP,0.97255,20000
64,1,2,10000,LR,0.9942,20000
64,1,2,10000,MLP,0.9775,20000
64,1,2,20000,LR,0.9967,20000
64,1,2,20000,MLP,0.9844,20000
64,1,2,50000,LR,0.99825,20000
64,1,2,50000,MLP,0.9888,20000
64,1,2,100000,LR,0.9987,20000
64,1,2,200000,LR,0.99905,20000
64,1,3,1000,LR,0.96665,20000
64,1,3,1000,MLP,0.947,20000
64,1,3,2000,LR,0.9808,20000
64,1,3,2000,MLP,0.9378,20000
64,1,3,5000,LR,0.9928,20000
64,1,3,5000,MLP,0.97645,20000
64,1,3,10000,LR,0.995,20000
64,1,3,10000,MLP,0.9833,20000
64,1,3,20000,LR,0.99705,20000
64,1,3,20000,MLP,0.9856,20000
64,1,3,50000,LR,0.9985,20000
64,1,3,50000,MLP,0.9903,20000
64,1,3,100000,LR,0.99865,20000
64,1,3,200000,LR,0.99925,20000
64,2,0,1000,LR,0.52615,20000
64,2,0,1000,MLP,0.52455,20000
64,2,0,2000,LR,0.54035,20000
64,2,0,2000,MLP,0.53225,20000
64,2,0,5000,LR,0.5305,20000
64,2,0,5000,MLP,0.92095,20000
64,2,0,10000,LR,0.53515,20000
64,2,0,10000,MLP,0.9678,20000
64,2,0,20000,LR,0.533,20000
64,2,0,20000,MLP,0.97785,20000
64,2,0,50000,LR,0.52035,20000
64,2,0,50000,MLP,0.98395,20000
64,2,0,100000,LR,0.51475,20000
64,2,0,200000,LR,0.5143,20000
64,2,1,1000,LR,0.518,20000
64,2,1,1000,MLP,0.52825,20000
64,2,1,2000,LR,0.53135,20000
64,2,1,2000,MLP,0.5272,20000
64,2,1,5000,LR,0.53695,20000
64,2,1,5000,MLP,0.89615,20000
64,2,1,10000,LR,0.538,20000
64,2,1,10000,MLP,0.96425,20000
64,2,1,20000,LR,0.5334,20000
64,2,1,20000,MLP,0.97545,20000
64,2,1,50000,LR,0.51465,20000
64,2,1,50000,MLP,0.98615,20000
64,2,1,100000,LR,0.5036,20000
64,2,1,200000,LR,0.49715,20000
64,2,2,1000,LR,0.5418,20000
64,2,2,1000,MLP,0.53685,20000
64,2,2,2000,LR,0.5504,20000
64,2,2,2000,MLP,0.52675,20000
64,2,2,5000,LR,0.5654,20000
64,2,2,5000,MLP,0.8968,20000
64,2,2,10000,LR,0.59155,20000
64,2,2,10000,MLP,0.962,20000
64,2,2,20000,LR,0.6057,20000
64,2,2,20000,MLP,0.9671,20000
64,2,2,50000,LR,0.61805,20000
64,2,2,50000,MLP,0.9836,20000
64,2,2,100000,LR,0.62555,20000
64,2,2,200000,LR,0.62615,20000
64,2,3,1000,LR,0.5364,20000
64,2,3,1000,MLP,0.53445,20000
64,2,3,2000,LR,0.549,20000
64,2,3,2000,MLP,0.5343,20000
64,2,3,5000,LR,0.56435,20000
64,2,3,5000,MLP,0.89315,20000
64,2,3,10000,LR,0.5818,20000
64,2,3,10000,MLP,0.9677,20000
64,2,3,20000,LR,0.58,20000
64,2,3,20000,MLP,0.9715,20000
64,2,3,50000,LR,0.60175,20000
64,2,3,50000,MLP,0.98425,20000
64,2,3,100000,LR,0.61705,20000
64,2,3,200000,LR,0.61995,20000
64,3,0,1000,LR,0.5194,20000
64,3,0,1000,MLP,0.50485,20000
64,3,0,2000,LR,0.52085,20000
64,3,0,2000,MLP,0.50575,20000
64,3,0,5000,LR,0.52255,20000
64,3,0,5000,MLP,0.5212,20000
64,3,0,10000,LR,0.5258,20000
64,3,0,10000,MLP,0.85525,20000
64,3,0,20000,LR,0.5183,20000
64,3,0,20000,MLP,0.52115,20000
64,3,0,50000,LR,0.51755,20000
64,3,0,50000,MLP,0.97555,20000
64,3,0,100000,LR,0.52735,20000
64,3,0,200000,LR,0.5287,20000
64,3,1,1000,LR,0.5445,20000
64,3,1,1000,MLP,0.54605,20000
64,3,1,2000,LR,0.54665,20000
64,3,1,2000,MLP,0.545,20000
64,3,1,5000,LR,0.53765,20000
64,3,1,5000,MLP,0.55005,20000
64,3,1,10000,LR,0.5273,20000
64,3,1,10000,MLP,0.9177,20000
64,3,1,20000,LR,0.52285,20000
64,3,1,20000,MLP,0.55075,20000
64,3,1,50000,LR,0.5155,20000
64,3,1,50000,MLP,0.9739,20000
64,3,1,100000,LR,0.50915,20000
64,3,1,200000,LR,0.5105,20000
64,3,2,1000,LR,0.49555,20000
64,3,2,1000,MLP,0.4974,20000
64,3,2,2000,LR,0.4971,20000
64,3,2,2000,MLP,0.5045,20000
64,3,2,5000,LR,0.496,20000
64,3,2,5000,MLP,0.5121,20000
64,3,2,10000,LR,0.4991,20000
64,3,2,10000,MLP,0.8185,20000
64,3,2,20000,LR,0.50185,20000
64,3,2,20000,MLP,0.50045,20000
64,3,2,50000,LR,0.50175,20000
64,3,2,50000,MLP,0.97785,20000
64,3,2,100000,LR,0.506,20000
64,3,2,200000,LR,0.51005,20000
64,3,3,1000,LR,0.51945,20000
64,3,3,1000,MLP,0.5156,20000
64,3,3,2000,LR,0.52765,20000
64,3,3,2000,MLP,0.5174,20000
64,3,3,5000,LR,0.5312,20000
64,3,3,5000,MLP,0.5271,20000
64,3,3,10000,LR,0.5304,20000
64,3,3,10000,MLP,0.898,20000
64,3,3,20000,LR,0.5322,20000
64,3,3,20000,MLP,0.9319,20000
64,3,3,50000,LR,0.5219,20000
64,3,3,50000,MLP,0.9794,20000
64,3,3,100000,LR,0.5202,20000
64,3,3,200000,LR,0.5168,20000
64,4,0,1000,LR,0.5041,20000
64,4,0,1000,MLP,0.50175,20000
64,4,0,2000,LR,0.49985,20000
64,4,0,2000,MLP,0.49955,20000
64,4,0,5000,LR,0.50635,20000
64,4,0,5000,MLP,0.50725,20000
64,4,0,10000,LR,0.50905,20000
64,4,0,10000,MLP,0.5077,20000
64,4,0,20000,LR,0.5025,20000
64,4,0,20000,MLP,0.50615,20000
64,4,0,50000,LR,0.50065,20000
64,4,0,50000,MLP,0.96405,20000
64,4,0,100000,LR,0.5067,20000
64,4,0,200000,LR,0.50475,20000
64,4,1,1000,LR,0.5042,20000
64,4,1,1000,MLP,0.5033,20000
64,4,1,2000,LR,0.4944,20000
64,4,1,2000,MLP,0.4983,20000
64,4,1,5000,LR,0.5006,20000
64,4,1,5000,MLP,0.5014,20000
64,4,1,10000,LR,0.4998,20000
64,4,1,10000,MLP,0.5033,20000
64,4,1,20000,LR,0.49925,20000
64,4,1,20000,MLP,0.5062,20000
64,4,1,50000,LR,0.5028,20000
64,4,1,50000,MLP,0.5047,20000
64,4,1,100000,LR,0.506,20000
64,4,1,200000,LR,0.50375,20000
64,4,2,1000,LR,0.4995,20000
64,4,2,1000,MLP,0.49885,20000
64,4,2,2000,LR,0.50025,20000
64,4,2,2000,MLP,0.5036,20000
64,4,2,5000,LR,0.50475,20000
64,4,2,5000,MLP,0.50975,20000
64,4,2,10000,LR,0.5087,20000
64,4,2,10000,MLP,0.5138,20000
64,4,2,20000,LR,0.5109,20000
64,4,2,20000,MLP,0.51365,20000
64,4,2,50000,LR,0.50735,20000
64,4,2,50000,MLP,0.9618,20000
64,4,2,100000,LR,0.50805,20000
64,4,2,200000,LR,0.50855,20000
64,4,3,1000,LR,0.5023,20000
64,4,3,1000,MLP,0.498,20000
64,4,3,2000,LR,0.50255,20000
64,4,3,2000,MLP,0.50105,20000
64,4,3,5000,LR,0.50085,20000
64,4,3,5000,MLP,0.5044,20000
64,4,3,10000,LR,0.5006,20000
64,4,3,10000,MLP,0.50265,20000
64,4,3,20000,LR,0.50685,20000
64,4,3,20000,MLP,0.4981,20000
64,4,3,50000,LR,0.51055,20000
64,4,3,50000,MLP,0.9621,20000
64,4,3,100000,LR,0.50795,20000
64,4,3,200000,LR,0.51425,20000
64,5,0,1000,LR,0.5017,20000
64,5,0,1000,MLP,0.50345,20000
64,5,0,2000,LR,0.5007,20000
64,5,0,2000,MLP,0.5031,20000
64,5,0,5000,LR,0.5035,20000
64,5,0,5000,MLP,0.5049,20000
64,5,0,10000,LR,0.50325,20000
64,5,0,10000,MLP,0.4992,20000
64,5,0,20000,LR,0.4964,20000
64,5,0,20000,MLP,0.50045,20000
64,5,0,50000,LR,0.49775,20000
64,5,0,50000,MLP,0.5017,20000
64,5,0,100000,LR,0.4996,20000
64,5,0,200000,LR,0.5056,20000
64,5,1,1000,LR,0.4999,20000
64,5,1,1000,MLP,0.49865,20000
64,5,1,2000,LR,0.49685,20000
64,5,1,2000,MLP,0.5014,20000
64,5,1,5000,LR,0.5031,20000
64,5,1,5000,MLP,0.50595,20000
64,5,1,10000,LR,0.5004,20000
64,5,1,10000,MLP,0.50735,20000
64,5,1,20000,LR,0.501,20000
64,5,1,20000,MLP,0.49615,20000
64,5,1,50000,LR,0.50725,20000
64,5,1,50000,MLP,0.50305,20000
64,5,1,100000,LR,0.5009,20000
64,5,1,200000,LR,0.50485,20000
64,5,2,1000,LR,0.498,20000
64,5,2,1000,MLP,0.4951,20000
64,5,2,2000,LR,0.50095,20000
64,5,2,2000,MLP,0.49785,20000
64,5,2,5000,LR,0.50525,20000
64,5,2,5000,MLP,0.4983,20000
64,5,2,10000,LR,0.50365,20000
64,5,2,10000,MLP,0.50115,20000
64,5,2,20000,LR,0.49905,20000
64,5,2,20000,MLP,0.49675,20000
64,5,2,50000,LR,0.5068,20000
64,5,2,50000,MLP,0.50445,20000
64,5,2,100000,LR,0.50305,20000
64,5,2,200000,LR,0.5051,20000
64,5,3,1000,LR,0.502,20000
64,5,3,1000,MLP,0.5013,20000
64,5,3,2000,LR,0.49455,20000
64,5,3,2000,MLP,0.49815,20000
64,5,3,5000,LR,0.5023,20000
64,5,3,5000,MLP,0.5012,20000
64,5,3,10000,LR,0.50115,20000
64,5,3,10000,MLP,0.49815,20000
64,5,3,20000,LR,0.49985,20000
64,5,3,20000,MLP,0.5025,20000
64,5,3,50000,LR,0.5025,20000
64,5,3,50000,MLP,0.5064,20000
64,5,3,100000,LR,0.50155,20000
64,5,3,200000,LR,0.49925,20000
64,6,0,1000,LR,0.5005,20000
64,6,0,1000,MLP,0.50025,20000
64,6,0,2000,LR,0.50615,20000
64,6,0,2000,MLP,0.4992,20000
64,6,0,5000,LR,0.5048,20000
64,6,0,5000,MLP,0.5049,20000
64,6,0,10000,LR,0.501,20000
64,6,0,10000,MLP,0.5043,20000
64,6,0,20000,LR,0.49715,20000
64,6,0,20000,MLP,0.50625,20000
64,6,0,50000,LR,0.49955,20000
64,6,0,50000,MLP,0.4963,20000
64,6,0,100000,LR,0.499,20000
64,6,0,200000,LR,0.4979,20000
64,6,1,1000,LR,0.4965,20000
64,6,1,1000,MLP,0.4996,20000
64,6,1,2000,LR,0.5024,20000
64,6,1,2000,MLP,0.5014,20000
64,6,1,5000,LR,0.49215,20000
64,6,1,5000,MLP,0.50305,20000
64,6,1,10000,LR,0.49505,20000
64,6,1,10000,MLP,0.49635,20000
64,6,1,20000,LR,0.4905,20000
64,6,1,20000,MLP,0.4933,20000
64,6,1,50000,LR,0.49325,20000
64,6,1,50000,MLP,0.4966,20000
64,6,1,100000,LR,0.49415,20000
64,6,1,200000,LR,0.4984,20000
64,6,2,1000,LR,0.50245,20000
64,6,2,1000,MLP,0.50325,20000
64,6,2,2000,LR,0.5077,20000
64,6,2,2000,MLP,0.5048,20000
64,6,2,5000,LR,0.50145,20000
64,6,2,5000,MLP,0.5066,20000
64,6,2,10000,LR,0.50205,20000
64,6,2,10000,MLP,0.503,20000
64,6,2,20000,LR,0.5003,20000
64,6,2,20000,MLP,0.5024,20000
64,6,2,50000,LR,0.4952,20000
64,6,2,50000,MLP,0.4979,20000
64,6,2,100000,LR,0.4973,20000
64,6,2,200000,LR,0.4997,20000
64,6,3,1000,LR,0.50275,20000
64,6,3,1000,MLP,0.49725,20000
64,6,3,2000,LR,0.5027,20000
64,6,3,2000,MLP,0.50625,20000
64,6,3,5000,LR,0.5041,20000
64,6,3,5000,MLP,0.4997,20000
64,6,3,10000,LR,0.50015,20000
64,6,3,10000,MLP,0.4968,20000
64,6,3,20000,LR,0.5036,20000
64,6,3,20000,MLP,0.4967,20000
64,6,3,50000,LR,0.4962,20000
64,6,3,50000,MLP,0.50535,20000
64,6,3,100000,LR,0.5049,20000
64,6,3,200000,LR,0.50005,20000
128,1,0,1000,LR,0.94115,20000
128,1,0,1000,MLP,0.9098,20000
128,1,0,2000,LR,0.97065,20000
128,1,0,2000,MLP,0.9439,20000
128,1,0,5000,LR,0.9887,20000
128,1,0,5000,MLP,0.96785,20000
128,1,0,10000,LR,0.9925,20000
128,1,0,10000,MLP,0.97195,20000
128,1,0,20000,LR,0.9968,20000
128,1,0,20000,MLP,0.98165,20000
128,1,0,50000,LR,0.9982,20000
128,1,0,50000,MLP,0.98755,20000
128,1,0,100000,LR,0.9986,20000
128,1,0,200000,LR,0.99885,20000
128,1,1,1000,LR,0.9427,20000
128,1,1,1000,MLP,0.9035,20000
128,1,1,2000,LR,0.9675,20000
128,1,1,2000,MLP,0.9048,20000
128,1,1,5000,LR,0.98675,20000
128,1,1,5000,MLP,0.9681,20000
128,1,1,10000,LR,0.9932,20000
128,1,1,10000,MLP,0.97675,20000
128,1,1,20000,LR,0.99525,20000
128,1,1,20000,MLP,0.979,20000
128,1,1,50000,LR,0.99755,20000
128,1,1,50000,MLP,0.98505,20000
128,1,1,100000,LR,0.99865,20000
128,1,1,200000,LR,0.9995,20000
128,1,2,1000,LR,0.94,20000
128,1,2,1000,MLP,0.9149,20000
128,1,2,2000,LR,0.9726,20000
128,1,2,2000,MLP,0.93595,20000
128,1,2,5000,LR,0.98855,20000
128,1,2,5000,MLP,0.97115,20000
128,1,2,10000,LR,0.99325,20000
128,1,2,10000,MLP,0.97645,20000
128,1,2,20000,LR,0.99555,20000
128,1,2,20000,MLP,0.98175,20000
128,1,2,50000,LR,0.9981,20000
128,1,2,50000,MLP,0.9875,20000
128,1,2,100000,LR,0.99885,20000
128,1,2,200000,LR,0.99945,20000
128,1,3,1000,LR,0.94595,20000
128,1,3,1000,MLP,0.92905,20000
128,1,3,2000,LR,0.9742,20000
128,1,3,2000,MLP,0.9249,20000
128,1,3,5000,LR,0.9888,20000
128,1,3,5000,MLP,0.9679,20000
128,1,3,10000,LR,0.99265,20000
128,1,3,10000,MLP,0.97585,20000
128,1,3,20000,LR,0.99595,20000
128,1,3,20000,MLP,0.9812,20000
128,1,3,50000,LR,0.99825,20000
128,1,3,50000,MLP,0.98665,20000
128,1,3,100000,LR,0.9985,20000
128,1,3,200000,LR,0.9991,20000
128,2,0,1000,LR,0.50665,20000
128,2,0,1000,MLP,0.5084,20000
128,2,0,2000,LR,0.5054,20000
128,2,0,2000,MLP,0.5061,20000
128,2,0,5000,LR,0.5064,20000
128,2,0,5000,MLP,0.50715,20000
128,2,0,10000,LR,0.517,20000
128,2,0,10000,MLP,0.91755,20000
128,2,0,20000,LR,0.5253,20000
128,2,0,20000,MLP,0.93995,20000
128,2,0,50000,LR,0.52735,20000
128,2,0,50000,MLP,0.9805,20000
128,2,0,100000,LR,0.52815,20000
128,2,0,200000,LR,0.5379,20000
128,2,1,1000,LR,0.5027,20000
128,2,1,1000,MLP,0.5011,20000
128,2,1,2000,LR,0.50195,20000
128,2,1,2000,MLP,0.50115,20000
128,2,1,5000,LR,0.5064,20000
128,2,1,5000,MLP,0.50435,20000
128,2,1,10000,LR,0.5086,20000
128,2,1,10000,MLP,0.8863,20000
128,2,1,20000,LR,0.5126,20000
128,2,1,20000,MLP,0.92075,20000
128,2,1,50000,LR,0.52675,20000
128,2,1,50000,MLP,0.98065,20000
128,2,1,100000,LR,0.5412,20000
128,2,1,200000,LR,0.5636,20000
128,2,2,1000,LR,0.51755,20000
128,2,2,1000,MLP,0.52005,20000
128,2,2,2000,LR,0.5231,20000
128,2,2,2000,MLP,0.5243,20000
128,2,2,5000,LR,0.5257,20000
128,2,2,5000,MLP,0.63,20000
128,2,2,10000,LR,0.512,20000
128,2,2,10000,MLP,0.9349,20000
128,2,2,20000,LR,0.50125,20000
128,2,2,20000,MLP,0.9607,20000
128,2,2,50000,LR,0.4832,20000
128,2,2,50000,MLP,0.98245,20000
128,2,2,100000,LR,0.47535,20000
128,2,2,200000,LR,0.46505,20000
128,2,3,1000,LR,0.51585,20000
128,2,3,1000,MLP,0.5155,20000
128,2,3,2000,LR,0.52175,20000
128,2,3,2000,MLP,0.51515,20000
128,2,3,5000,LR,0.5244,20000
128,2,3,5000,MLP,0.5751,20000
128,2,3,10000,LR,0.53185,20000
128,2,3,10000,MLP,0.94005,20000
128,2,3,20000,LR,0.53875,20000
128,2,3,20000,MLP,0.9511,20000
128,2,3,50000,LR,0.54525,20000
128,2,3,50000,MLP,0.9781,20000
128,2,3,100000,LR,0.5485,20000
128,2,3,200000,LR,0.54655,20000
128,3,0,1000,LR,0.5024,20000
128,3,0,1000,MLP,0.50935,20000
128,3,0,2000,LR,0.50795,20000
128,3,0,2000,MLP,0.50855,20000
128,3,0,5000,LR,0.51555,20000
128,3,0,5000,MLP,0.51425,20000
128,3,0,10000,LR,0.52395,20000
128,3,0,10000,MLP,0.5047,20000
128,3,0,20000,LR,0.53095,20000
128,3,0,20000,MLP,0.5207,20000
128,3,0,50000,LR,0.54505,20000
128,3,0,50000,MLP,0.9549,20000
128,3,0,100000,LR,0.5619,20000
128,3,0,200000,LR,0.57185,20000
128,3,1,1000,LR,0.52545,20000
128,3,1,1000,MLP,0.5193,20000
128,3,1,2000,LR,0.52565,20000
128,3,1,2000,MLP,0.52285,20000
128,3,1,5000,LR,0.5253,20000
128,3,1,5000,MLP,0.51195,20000
128,3,1,10000,LR,0.53485,20000
128,3,1,10000,MLP,0.527,20000
128,3,1,20000,LR,0.54,20000
128,3,1,20000,MLP,0.5226,20000
128,3,1,50000,LR,0.5508,20000
128,3,1,50000,MLP,0.96035,20000
128,3,1,100000,LR,0.55655,20000
128,3,1,200000,LR,0.55695,20000
128,3,2,1000,LR,0.5028,20000
128,3,2,1000,MLP,0.49875,20000
128,3,2,2000,LR,0.50295,20000
128,3,2,2000,MLP,0.5027,20000
128,3,2,5000,LR,0.512,20000
128,3,2,5000,MLP,0.50975,20000
128,3,2,10000,LR,0.51545,20000
128,3,2,10000,MLP,0.50925,20000
128,3,2,20000,LR,0.52495,20000
128,3,2,20000,MLP,0.5148,20000
128,3,2,50000,LR,0.5306,20000
128,3,2,50000,MLP,0.962,20000
128,3,2,100000,LR,0.5368,20000
128,3,2,200000,LR,0.54335,20000
128,3,3,1000,LR,0.5096,20000
128,3,3,1000,MLP,0.50055,20000
128,3,3,2000,LR,0.51505,20000
128,3,3,2000,MLP,0.50295,20000
128,3,3,5000,LR,0.5171,20000
128,3,3,5000,MLP,0.517,20000
128,3,3,10000,LR,0.52205,20000
128,3,3,10000,MLP,0.5158,20000
128,3,3,20000,LR,0.5247,20000
128,3,3,20000,MLP,0.5236,20000
128,3,3,50000,LR,0.5327,20000
128,3,3,50000,MLP,0.9615,20000
128,3,3,100000,LR,0.5372,20000
128,3,3,200000,LR,0.5374,20000
128,4,0,1000,LR,0.4989,20000
128,4,0,1000,MLP,0.4993,20000
128,4,0,2000,LR,0.49675,20000
128,4,0,2000,MLP,0.5015,20000
128,4,0,5000,LR,0.49765,20000
128,4,0,5000,MLP,0.49415,20000
128,4,0,10000,LR,0.4993,20000
128,4,0,10000,MLP,0.49795,20000
128,4,0,20000,LR,0.50445,20000
128,4,0,20000,MLP,0.50395,20000
128,4,0,50000,LR,0.5073,20000
128,4,0,50000,MLP,0.50595,20000
128,4,0,100000,LR,0.50465,20000
128,4,0,200000,LR,0.5066,20000
128,4,1,1000,LR,0.50435,20000
128,4,1,1000,MLP,0.50295,20000
128,4,1,2000,LR,0.5024,20000
128,4,1,2000,MLP,0.5008,20000
128,4,1,5000,LR,0.49955,20000
128,4,1,5000,MLP,0.5018,20000
128,4,1,10000,LR,0.4984,20000
128,4,1,10000,MLP,0.51045,20000
128,4,1,20000,LR,0.50285,20000
128,4,1,20000,MLP,0.5028,20000
128,4,1,50000,LR,0.50085,20000
128,4,1,50000,MLP,0.5061,20000
128,4,1,100000,LR,0.5006,20000
128,4,1,200000,LR,0.4981,20000
128,4,2,1000,LR,0.50065,20000
128,4,2,1000,MLP,0.49845,20000
128,4,2,2000,LR,0.5008,20000
128,4,2,2000,MLP,0.5004,20000
128,4,2,5000,LR,0.49375,20000
128,4,2,5000,MLP,0.497,20000
128,4,2,10000,LR,0.49725,20000
128,4,2,10000,MLP,0.4982,20000
128,4,2,20000,LR,0.5021,20000
128,4,2,20000,MLP,0.50065,20000
128,4,2,50000,LR,0.4983,20000
128,4,2,50000,MLP,0.5022,20000
128,4,2,100000,LR,0.4995,20000
128,4,2,200000,LR,0.4984,20000
128,4,3,1000,LR,0.4985,20000
128,4,3,1000,MLP,0.49915,20000
128,4,3,2000,LR,0.50055,20000
128,4,3,2000,MLP,0.5072,20000
128,4,3,5000,LR,0.5018,20000
128,4,3,5000,MLP,0.50225,20000
128,4,3,10000,LR,0.5008,20000
128,4,3,10000,MLP,0.501,20000
128,4,3,20000,LR,0.5026,20000
128,4,3,20000,MLP,0.5057,20000
128,4,3,50000,LR,0.50215,20000
128,4,3,50000,MLP,0.50125,20000
128,4,3,100000,LR,0.5038,20000
128,4,3,200000,LR,0.50175,20000
128,5,0,1000,LR,0.4971,20000
128,5,0,1000,MLP,0.50235,20000
128,5,0,2000,LR,0.50415,20000
128,5,0,2000,MLP,0.49885,20000
128,5,0,5000,LR,0.49735,20000
128,5,0,5000,MLP,0.50005,20000
128,5,0,10000,LR,0.49825,20000
128,5,0,10000,MLP,0.4991,20000
128,5,0,20000,LR,0.49925,20000
128,5,0,20000,MLP,0.5031,20000
128,5,0,50000,LR,0.50055,20000
128,5,0,50000,MLP,0.49985,20000
128,5,0,100000,LR,0.504,20000
128,5,0,200000,LR,0.5035,20000
128,5,1,1000,LR,0.5015,20000
128,5,1,1000,MLP,0.50115,20000
128,5,1,2000,LR,0.5062,20000
128,5,1,2000,MLP,0.50165,20000
128,5,1,5000,LR,0.50895,20000
128,5,1,5000,MLP,0.50365,20000
128,5,1,10000,LR,0.5079,20000
128,5,1,10000,MLP,0.50475,20000
128,5,1,20000,LR,0.50855,20000
128,5,1,20000,MLP,0.50435,20000
128,5,1,50000,LR,0.5133,20000
128,5,1,50000,MLP,0.5071,20000
128,5,1,100000,LR,0.50625,20000
128,5,1,200000,LR,0.50565,20000
128,5,2,1000,LR,0.50035,20000
128,5,2,1000,MLP,0.4986,20000
128,5,2,2000,LR,0.50665,20000
128,5,2,2000,MLP,0.50575,20000
128,5,2,5000,LR,0.5032,20000
128,5,2,5000,MLP,0.5034,20000
128,5,2,10000,LR,0.4948,20000
128,5,2,10000,MLP,0.50095,20000
128,5,2,20000,LR,0.5014,20000
128,5,2,20000,MLP,0.49935,20000
128,5,2,50000,LR,0.5009,20000
128,5,2,50000,MLP,0.49395,20000
128,5,2,100000,LR,0.50105,20000
128,5,2,200000,LR,0.49735,20000
128,5,3,1000,LR,0.50405,20000
128,5,3,1000,MLP,0.5045,20000
128,5,3,2000,LR,0.5061,20000
128,5,3,2000,MLP,0.5064,20000
128,5,3,5000,LR,0.5036,20000
128,5,3,5000,MLP,0.4993,20000
128,5,3,10000,LR,0.4977,20000
128,5,3,10000,MLP,0.5058,20000
128,5,3,20000,LR,0.4987,20000
128,5,3,20000,MLP,0.5015,20000
128,5,3,50000,LR,0.50015,20000
128,5,3,50000,MLP,0.50115,20000
128,5,3,100000,LR,0.50195,20000
128,5,3,200000,LR,0.5014,20000
128,6,0,1000,LR,0.4951,20000
128,6,0,1000,MLP,0.49705,20000
128,6,0,2000,LR,0.49515,20000
128,6,0,2000,MLP,0.4905,20000
128,6,0,5000,LR,0.50205,20000
128,6,0,5000,MLP,0.5009,20000
128,6,0,10000,LR,0.50345,20000
128,6,0,10000,MLP,0.49915,20000
128,6,0,20000,LR,0.50415,20000
128,6,0,20000,MLP,0.5033,20000
128,6,0,50000,LR,0.50235,20000
128,6,0,50000,MLP,0.5042,20000
128,6,0,100000,LR,0.50095,20000
128,6,0,200000,LR,0.5035,20000
128,6,1,1000,LR,0.5081,20000
128,6,1,1000,MLP,0.4974,20000
128,6,1,2000,LR,0.49995,20000
128,6,1,2000,MLP,0.49465,20000
128,6,1,5000,LR,0.50855,20000
128,6,1,5000,MLP,0.49535,20000
128,6,1,10000,LR,0.5047,20000
128,6,1,10000,MLP,0.4962,20000
128,6,1,20000,LR,0.5061,20000
128,6,1,20000,MLP,0.50125,20000
128,6,1,50000,LR,0.50425,20000
128,6,1,50000,MLP,0.49885,20000
128,6,1,100000,LR,0.50455,20000
128,6,1,200000,LR,0.50045,20000
128,6,2,1000,LR,0.50005,20000
128,6,2,1000,MLP,0.49695,20000
128,6,2,2000,LR,0.49815,20000
128,6,2,2000,MLP,0.50075,20000
128,6,2,5000,LR,0.50145,20000
128,6,2,5000,MLP,0.49725,20000
128,6,2,10000,LR,0.4999,20000
128,6,2,10000,MLP,0.4975,20000
128,6,2,20000,LR,0.504,20000
128,6,2,20000,MLP,0.49885,20000
128,6,2,50000,LR,0.5035,20000
128,6,2,50000,MLP,0.4974,20000
128,6,2,100000,LR,0.50185,20000
128,6,2,200000,LR,0.4993,20000
128,6,3,1000,LR,0.50345,20000
128,6,3,1000,MLP,0.50655,20000
128,6,3,2000,LR,0.5043,20000
128,6,3,2000,MLP,0.5052,20000
128,6,3,5000,LR,0.4959,20000
128,6,3,5000,MLP,0.5051,20000
128,6,3,10000,LR,0.50245,20000
128,6,3,10000,MLP,0.49455,20000
128,6,3,20000,LR,0.5029,20000
128,6,3,20000,MLP,0.50215,20000
128,6,3,50000,LR,0.50265,20000
128,6,3,50000,MLP,0.4984,20000
128,6,3,100000,LR,0.4988,20000
128,6,3,200000,LR,0.5008,20000
