n,k,sigma_noise,seed,ber,n_eval,n_repeats
64,1,0.025,0,0.0070761904761904755,10000,21
64,1,0.025,1,0.007671428571428571,10000,21
64,1,0.025,2,0.0084,10000,21
64,1,0.025,3,0.008228571428571427,10000,21
64,1,0.025,4,0.0086,10000,21
64,1,0.05,0,0.014223809523809524,10000,21
64,1,0.05,1,0.01511904761904762,10000,21
64,1,0.05,2,0.016409523809523808,10000,21
64,1,0.05,3,0.016223809523809526,10000,21
64,1,0.05,4,0.017204761904761903,10000,21
64,1,0.1,0,0.028495238095238098,10000,21
64,1,0.1,1,0.030371428571428567,10000,21
64,1,0.1,2,0.033,10000,21
64,1,0.1,3,0.03231428571428571,10000,21
64,1,0.1,4,0.03380476190476191,10000,21
64,2,0.025,0,0.0162,10000,21
64,2,0.025,1,0.015971428571428574,10000,21
64,2,0.025,2,0.015609523809523808,10000,21
64,2,0.025,3,0.017242857142857143,10000,21
64,2,0.025,4,0.01586190476190476,10000,21
64,2,0.05,0,0.03266666666666666,10000,21
64,2,0.05,1,0.03066666666666666,10000,21
64,2,0.05,2,0.030857142857142854,10000,21
64,2,0.05,3,0.032519047619047614,10000,21
64,2,0.05,4,0.03091428571428571,10000,21
64,2,0.1,0,0.06441904761904761,10000,21
64,2,0.1,1,0.059552380952380954,10000,21
64,2,0.1,2,0.06047619047619047,10000,21
64,2,0.1,3,0.061666666666666654,10000,21
64,2,0.1,4,0.060433333333333325,10000,21
64,3,0.025,0,0.02428095238095238,10000,21
64,3,0.025,1,0.02414285714285714,10000,21
64,3,0.025,2,0.02213333333333333,10000,21
64,3,0.025,3,0.02092380952380952,10000,21
64,3,0.025,4,0.02237142857142857,10000,21
64,3,0.05,0,0.046104761904761905,10000,21
64,3,0.05,1,0.04738571428571428,10000,21
64,3,0.05,2,0.04436190476190476,10000,21
64,3,0.05,3,0.04145238095238095,10000,21
64,3,0.05,4,0.04442380952380952,10000,21
64,3,0.1,0,0.08847142857142856,10000,21
64,3,0.1,1,0.0913952380952381,10000,21
64,3,0.1,2,0.08795238095238095,10000,21
64,3,0.1,3,0.07972857142857143,10000,21
64,3,0.1,4,0.08556666666666667,10000,21
64,4,0.025,0,0.03328571428571429,10000,21
64,4,0.025,1,0.03200952380952381,10000,21
64,4,0.025,2,0.03241904761904762,10000,21
64,4,0.025,3,0.031090476190476186,10000,21
64,4,0.025,4,0.030514285714285713,10000,21
64,4,0.05,0,0.0640047619047619,10000,21
64,4,0.05,1,0.06310952380952381,10000,21
64,4,0.05,2,0.06301904761904761,10000,21
64,4,0.05,3,0.06128571428571429,10000,21
64,4,0.05,4,0.05922380952380952,10000,21
64,4,0.1,0,0.12233809523809523,10000,21
64,4,0.1,1,0.1191333333333333,10000,21
64,4,0.1,2,0.11856666666666665,10000,21
64,4,0.1,3,0.11690952380952381,10000,21
64,4,0.1,4,0.11256190476190477,10000,21
64,5,0.025,0,0.04061904761904762,10000,21
64,5,0.025,1,0.03772380952380952,10000,21
64,5,0.025,2,0.03754285714285714,10000,21
64,5,0.025,3,0.040119047619047624,10000,21
64,5,0.025,4,0.03832380952380952,10000,21
64,5,0.05,0,0.0786142857142857,10000,21
64,5,0.05,1,0.07315714285714284,10000,21
64,5,0.05,2,0.0721095238095238,10000,21
64,5,0.05,3,0.07655238095238094,10000,21
64,5,0.05,4,0.07356190476190476,10000,21
64,5,0.1,0,0.14385714285714285,10000,21
64,5,0.1,1,0.13809047619047618,10000,21
64,5,0.1,2,0.13683333333333333,10000,21
64,5,0.1,3,0.14208571428571426,10000,21
64,5,0.1,4,0.1367095238095238,10000,21
64,6,0.025,0,0.04651904761904762,10000,21
64,6,0.025,1,0.04635238095238095,10000,21
64,6,0.025,2,0.047266666666666665,10000,21
64,6,0.025,3,0.04492857142857143,10000,21
64,6,0.025,4,0.0436047619047619,10000,21
64,6,0.05,0,0.0884,10000,21
64,6,0.05,1,0.0911095238095238,10000,21
64,6,0.05,2,0.08893333333333332,10000,21
64,6,0.05,3,0.08692380952380951,10000,21
64,6,0.05,4,0.0827,10000,21
64,6,0.1,0,0.16234761904761905,10000,21
64,6,0.1,1,0.16723809523809524,10000,21
64,6,0.1,2,0.16287142857142856,10000,21
64,6,0.1,3,0.16149047619047618,10000,21
64,6,0.1,4,0.15366190476190475,10000,21
128,1,0.025,0,0.007533333333333333,10000,21
128,1,0.025,1,0.007647619047619048,10000,21
128,1,0.025,2,0.007266666666666666,10000,21
128,1,0.025,3,0.008633333333333335,10000,21
128,1,0.025,4,0.0076952380952380935,10000,21
128,1,0.05,0,0.01521904761904762,10000,21
128,1,0.05,1,0.01608095238095238,10000,21
128,1,0.05,2,0.015,10000,21
128,1,0.05,3,0.016714285714285713,10000,21
128,1,0.05,4,0.016057142857142857,10000,21
128,1,0.1,0,0.031180952380952375,10000,21
128,1,0.1,1,0.03282857142857143,10000,21
128,1,0.1,2,0.03027619047619047,10000,21
128,1,0.1,3,0.03366190476190476,10000,21
128,1,0.1,4,0.032171428571428566,10000,21
128,2,0.025,0,0.015995238095238094,10000,21
128,2,0.025,1,0.016428571428571428,10000,21
128,2,0.025,2,0.017609523809523808,10000,21
128,2,0.025,3,0.015047619047619048,10000,21
128,2,0.025,4,0.014942857142857145,10000,21
128,2,0.05,0,0.03201428571428571,10000,21
128,2,0.05,1,0.03177619047619048,10000,21
128,2,0.05,2,0.03365714285714286,10000,21
128,2,0.05,3,0.03017619047619047,10000,21
128,2,0.05,4,0.030338095238095233,10000,21
128,2,0.1,0,0.06316190476190475,10000,21
128,2,0.1,1,0.06196190476190476,10000,21
128,2,0.1,2,0.06465238095238095,10000,21
128,2,0.1,3,0.06012380952380952,10000,21
128,2,0.1,4,0.05976666666666666,10000,21
128,3,0.025,0,0.02541904761904762,10000,21
128,3,0.025,1,0.02347142857142857,10000,21
128,3,0.025,2,0.023423809523809524,10000,21
128,3,0.025,3,0.022761904761904758,10000,21
128,3,0.025,4,0.023071428571428573,10000,21
128,3,0.05,0,0.04913333333333333,10000,21
128,3,0.05,1,0.046228571428571424,10000,21
128,3,0.05,2,0.04744285714285715,10000,21
128,3,0.05,3,0.04528095238095238,10000,21
128,3,0.05,4,0.04569047619047619,10000,21
128,3,0.1,0,0.0939095238095238,10000,21
128,3,0.1,1,0.08995238095238094,10000,21
128,3,0.1,2,0.09151428571428571,10000,21
128,3,0.1,3,0.08804761904761904,10000,21
128,3,0.1,4,0.08933809523809523,10000,21
128,4,0.025,0,0.03162857142857143,10000,21
128,4,0.025,1,0.029252380952380953,10000,21
128,4,0.025,2,0.03088095238095238,10000,21
128,4,0.025,3,0.0334,10000,21
128,4,0.025,4,0.031290476190476195,10000,21
128,4,0.05,0,0.06065714285714285,10000,21
128,4,0.05,1,0.05661904761904762,10000,21
128,4,0.05,2,0.05997142857142858,10000,21
128,4,0.05,3,0.06468571428571428,10000,21
128,4,0.05,4,0.05985714285714286,10000,21
128,4,0.1,0,0.11544285714285714,10000,21
128,4,0.1,1,0.1079047619047619,10000,21
128,4,0.1,2,0.11334761904761903,10000,21
128,4,0.1,3,0.12130476190476189,10000,21
128,4,0.1,4,0.11421904761904761,10000,21
128,5,0.025,0,0.03959047619047619,10000,21
128,5,0.025,1,0.03724285714285715,10000,21
128,5,0.025,2,0.03895714285714286,10000,21
128,5,0.025,3,0.03955714285714285,10000,21
128,5,0.025,4,0.03911428571428571,10000,21
128,5,0.05,0,0.0757047619047619,10000,21
128,5,0.05,1,0.07184285714285714,10000,21
128,5,0.05,2,0.07565714285714284,10000,21
128,5,0.05,3,0.07792857142857142,10000,21
128,5,0.05,4,0.07607619047619048,10000,21
128,5,0.1,0,0.14136190476190477,10000,21
128,5,0.1,1,0.1334,10000,21
128,5,0.1,2,0.14013333333333336,10000,21
128,5,0.1,3,0.14693333333333336,10000,21
128,5,0.1,4,0.14178571428571426,10000,21
128,6,0.025,0,0.04641904761904762,10000,21
128,6,0.025,1,0.04617619047619047,10000,21
128,6,0.025,2,0.045433333333333326,10000,21
128,6,0.025,3,0.04791904761904762,10000,21
128,6,0.025,4,0.04709047619047619,10000,21
128,6,0.05,0,0.08925238095238094,10000,21
128,6,0.05,1,0.08676666666666666,10000,21
128,6,0.05,2,0.0868142857142857,10000,21
128,6,0.05,3,0.0904047619047619,10000,21
128,6,0.05,4,0.08873809523809524,10000,21
128,6,0.1,0,0.16380476190476187,10000,21
128,6,0.1,1,0.16003333333333336,10000,21
128,6,0.1,2,0.16075714285714285,10000,21
128,6,0.1,3,0.16404761904761903,10000,21
128,6,0.1,4,0.16366190476190476,10000,21
